PRESSURE_INLET;TEMPERATURE_INLET;INLET_QV;EXHAUST_PRESSURE;EXHAUST_QV;Efficiency
141.7080538;571.421;2.591795136;0.159;64.16861;0.910769409
54.49996704;479.999;4.004630958;0.10261;55.05056;0.910399591
39.99995242;418;1.580032361;0.15;17.58889;0.899196973
84.00003737;535;2.155729749;0.03074;58.76194;0.916702559
98.00001091;497;5.004973607;0.03388;32.79028;0.926047659
103.0002256;530;1.826491339;0.06235;36.24611;0.917704548
82.70830544;537.722;2.953917369;0.09685;69.04306;0.925459555
96.00004271;520;1.922827704;0.05321;20.40789;0.907932806
60.0000267;478;7.386276046;0.056;35.73778;0.901087236
129.9998944;550;4.060830553;0.06305;70.74861;0.917144924
73.0200217;438.436;2.781074539;0.08;53.49139;0.922483686
112.9174946;557.7;1.029687147;0.05271;36.52708;0.847160727
120.0000534;540;3.12250972;0.03649;20.99114;0.891422572
74.99998434;430.521;8.511825036;0.12;176.83111;0.922009207
109.049948;492.3;3.438028117;0.12749;77.49861;0.900531303
69.99996577;424.224;3.902386672;0.09;72.66222;0.89464194
88.27995363;525;2.226010872;0.0738;40.50139;0.913304979
101.9999473;535;1.746799782;0.07;11.95303;0.830529643
86.99998967;515;1.394086977;0.10004;29.035;0.86120276
60.0000267;480;1.624411553;0.04032;20.89439;0.856386976
42.00001869;413;2.308501539;0.08397;29.27972;0.836289326
98.0665;515;0.884652018;0.19613;8.54239;0.815880755
73.00001613;468;0.90979763;0.063;16.69839;0.897951867
73.00001613;468;0.919701634;0.063;16.74039;0.896939039
73.00001613;467.999;1.025874978;0.05878;16.05731;0.863987827
60.0000267;450;1.607832617;0.06;23.38839;0.904957
104.9998016;535;1.835314601;0.06252;8.00906;0.773618084
111.9997883;540;2.243527786;0.0493;8.21519;0.835572984
90.49998306;534.995;1.582022127;0.181;33.21639;0.898132813
36.00001602;380;0.878941068;0.06634;5.55058;0.838611766
87.99997378;480;1.561761837;0.08634;31.99389;0.893216277
24.99999478;375;6.377087468;0.06935;41.77083;0.795806359
69.99996577;485;1.255976533;0.07;2.12742;0.80871034
78.0000347;508;0.837629265;0.09999;14.65156;0.873188614
102.969825;535;0.721768674;0.2;16.40989;0.87968
120.0559513;548.1;1.23071674;0.03;2.90672;0.787216567
53.00003993;440;1.300284717;0.07742;19.66597;0.885985313
110.0002124;538;0.58438836;0.1429;13.82133;0.85571577
124.0001859;510;0.842117349;0.08566;31.425;0.862898727
104.9998016;535;2.015147851;0.06142;6.26419;0.718223439
20.69997489;357;2.946245457;0.21;27.76781;0.870107609
86.70000425;482.001;1.914933514;0.08464;37.35861;0.906596685
110.0002124;538.1;1.480692098;0.0475;33.32444;0.893206453
63.9999631;439;2.175640553;0.1065;34.31028;0.913440483
129.9998944;540;1.605344298;0.0725;41.01167;0.907817552
66.89998564;418.3;2.085596947;0.145;39.07889;0.905055296
94.99996055;540;1.513014353;0.08;22.87061;0.900877231
118.0995246;550;0.892929734;0.08537;31.47667;0.875246672
129.9998944;540;0.840791349;0.0725;21.72472;0.889294937
88.25985;535;0.834451979;0.08495;14.84836;0.88287138
98.00001091;497;5.004973607;0.03398;32.36056;0.91796343
107.87315;535;2.266080624;0.09434;39.75361;0.891450829
74.99998434;430.521;8.511825036;0.12;176.65139;0.903988028
88.2800517;520.002;2.322961866;0.10795;42.67722;0.912629359
83.78134908;515;3.385955054;0.06282;27.09339;0.897721343
75.5899524;492.1;7.406555017;0.0645;186.78083;0.910281984
67.99999757;428;3.451956767;0.085;65.91611;0.8669467
135.9986222;540;2.935525132;0.06084;77.98639;0.907391492
119.8921802;579.49;1.298890941;0.05;46.85611;0.902465768
89.20000373;530;1.32649109;0.0555;37.40647;0.866941783
60.0000267;418;4.46063735;0.079;73.10556;0.910395102
67.99999757;428;3.451956767;0.085;65.555;0.900751014
82.69212446;537.722;2.954529615;0.09685;69.1575;0.927163376
119.8872769;579.49;1.298947582;0.05;46.82778;0.902657098
83.78134908;515;3.385955054;0.06282;27.19453;0.90246308
43.12003618;480;1.918631467;0.13243;21.97247;0.888931233
107.87315;535;2.243959097;0.09293;39.1375;0.906126141
69.99996577;424.224;3.902386672;0.12;73.37861;0.917524719
86.70000425;482.001;1.914933514;0.0846;37.23056;0.908244572
110.0002124;538.101;1.480950601;0.0475;33.335;0.908824146
118.1024666;550;0.892904983;0.08478;31.335;0.899516742
77.98140207;502;5.349181618;0.188;159.43333;0.908187391
107.87315;535;3.03413564;0.09316;77.07722;0.923327153
125.1661966;522.5;3.780335255;0.074;183.08806;0.85820457
137.7942198;578.248;5.564453284;0.112;55.83389;0.871497721
104.9998016;535;1.743548805;0.0603;4.88578;0.71465857
100.6701656;538.5;4.979925621;0.1637;171.2525;0.899186759
86.99998967;510;1.643161076;0.2;32.71583;0.884201805
84.00003737;535;2.143147669;0.03045;58.16333;0.918235081
77.39996579;535;2.337012255;0.02807;58.17;0.916474327
84.00003737;535;2.143147669;0.03045;58.16333;0.918215015
90.00004004;500;0.401800222;0.05089;10.56556;0.817561086
90.00004004;500;0.41163162;0.05141;10.97875;0.813980455
100.0003714;538;0.798806126;0.1;19.49111;0.889868487
94.61995286;535.61;2.193596443;0.07;28.06583;0.900577144
138.1462786;542.12;5.525248608;0.1395;222.855;0.921980519
130.2676159;530;10.69467634;0.125;413.08056;0.918039046
82.83991068;505;12.30802532;0.0749;20.61875;0.772656427
7.043528296;311.43;2.74571486;0.09;7.20908;0.851383781
79.49996182;488;0.964941789;0.06;12.2395;0.87245905
120.0000534;540;0.78579134;0.06;15.19378;0.872988541
49.99998956;408.6;1.780154683;0.123;14.44197;0.89504403
127.0000402;540;1.64445575;0.07502;40.96806;0.913482552
127.0000402;540;1.624935483;0.07195;40.65167;0.911203522
127.0000402;540;1.639654787;0.06841;40.71778;0.910585052
127.0000402;540;1.642220791;0.07211;40.85639;0.912327194
102.969825;534.996;1.124715721;0.17616;23.14983;0.878860531
38.99996832;398.5;3.510328769;0.1;37.11639;0.906250698
42.00001869;405;1.772873205;0.16;20.17872;0.877547707
78.49997772;448.574;1.693014342;0.07;35.16917;0.892490501
78.49997772;448.574;1.693003452;0.07;35.42944;0.901647048
130.4598263;530;5.338518999;0.125;206.48917;0.895418216
125.1004921;530;5.599245646;0.11;206.79167;0.886566195
121.7005265;530;5.603871932;0.261;202.88917;0.923568739
104.931155;535;1.876071872;0.096;13.03847;0.886988292
104.931155;535;1.876071872;0.096;13.03847;0.886988292
74.34391945;510;0.916475787;0.07;4.61236;0.904042945
64.50000418;429.373;1.657133734;0.101;29.36278;0.899562038
102.969825;534.996;1.137254821;0.17652;23.39208;0.877726692
110.0002124;553;0.943429767;0.08;2.64033;0.775662539
140.3347916;587.15;3.816707918;0.101;50.96603;0.91935311
137.4911943;574.22;3.760303897;0.078;29.16667;0.902019853
39.99995242;390;0.866879914;0.05008;7.49058;0.852880862
137.4706004;574.22;3.760918521;0.078;11.27256;0.81807443
138.461072;571.689;3.74623204;0.096;22.54361;0.889030979
137.4911943;574.22;3.760303897;0.078;29.16667;0.902019853
137.4706004;574.22;3.760918521;0.078;11.27256;0.81807154
55.99999223;425;2.276360051;0.0517;33.20944;0.906046523
55.99999223;425;2.276360051;0.05;33.60056;0.899495549
64.9999472;440;1.96922609;0.06;33.42861;0.903781559
64.9999472;440;1.96922609;0.06;33.40417;0.892208891
78.11997003;537;9.873866723;0.072;237.16306;0.919221637
78.11997003;537;9.873866723;0.072;237.16306;0.919221637
69.99996577;450;3.314261568;0.06305;67.8025;0.903016801
69.99996577;450;3.259023875;0.1;62.00111;0.914729189
69.99996577;450;3.314261568;0.1;68.87361;0.911378662
90.67003037;493;2.368880235;0.05;16.43619;0.893674784
15.52392695;399.28;2.800867684;0.09365;14.13569;0.863412736
81.99997111;525;1.385173268;0.10984;28.1675;0.889057852
122.984217;563.6;2.948058874;0.185;51.59944;0.919142944
123.4049223;563.6;2.937212664;0.184;61.42333;0.922727714
72.00003203;427;2.148605551;0.062;38.38778;0.899257835
63.06607582;482.222;0.527301657;0.06772;6.91769;0.84672451
88.25985;535;1.578447448;0.06959;15.14283;0.890970449
88.25985;535;1.543706835;0.063;8.88311;0.867167768
88.25985;535;1.606810559;0.06801;15.85319;0.876440509
90.00004004;470;1.340095725;0.08;27.35014;0.903934815
41.00003459;420;11.56575616;0.286;65.94;0.902176686
54.49996704;479.999;4.101157433;0.10261;56.39778;0.911750354
54.49996704;479.999;4.101157433;0.10261;56.4;0.9118165
54.49996704;479.999;4.142670336;0.10261;56.97639;0.91151014
54.49996704;479.999;4.101157433;0.10261;54.9775;0.912575431
54.49996704;479.999;4.101157433;0.10261;56.39778;0.911750354
54.49996704;479.999;4.101157433;0.10261;56.39778;0.911750354
131.602301;563.667;4.897955782;0.10894;32.76667;0.906407458
137.4911943;574.22;3.760303897;0.078;29.16667;0.902019853
117.2110421;565.555;5.047531334;0.10893;21.09506;0.893104063
121.7319078;565.685;4.899872521;0.09623;54.16667;0.899051035
114.0974308;565.444;4.904939738;0.09623;50.55556;0.902031942
137.8952283;563.888;4.221965801;0.10893;21.02533;0.883833795
103.9995233;505;10.52979759;0.0524;77.48806;0.920845046
137.4911943;574.22;3.760303897;0.078;29.16667;0.902019853
37.99998422;398;2.4631355;0.04947;24.54275;0.834171777
104.9998016;530;1.551759954;0.079;5.48847;0.870186799
111.0004907;540;1.588231139;0.035;18.15103;0.910880807
58.79998693;419.194;1.662362659;0.076;26.8075;0.907544315
37.99998422;397.154;1.454731054;0.1;15.25547;0.866437721
43.99998689;454;2.031311151;0.07;7.24375;0.87418556
40.2268783;450;3.455552054;0.10188;26.68483;0.874360278
40.2268783;450;3.532846634;0.09566;27.65594;0.863274183
56.99997633;397;2.182071484;0.0854;32.7475;0.905431113
119.64113;540;1.233831731;0.2157;30.78333;0.909764812
119.64113;540;1.414081937;0.2157;34.74917;0.896073987
119.64113;540;1.412997592;0.2157;34.72972;0.897232544
42.00001869;400;1.40254712;0.14;18.53892;0.866205922
104.4594551;538.7;5.986021494;0.1429;203.65306;0.913109478
111.0004907;540;1.588231139;0.035;17.14622;0.911805701
111.0004907;540;1.588231139;0.035;16.96528;0.917175774
39.99995242;407;1.908338002;0.1;21.88994;0.893137204
127.48645;535;2.290900764;0.07845;59.57639;0.915168058
127.48645;535;1.981497047;0.07845;74.13389;0.90183017
87.99997378;498;2.640418666;0.12;61.16056;0.916290525
80.0000029;440;2.392932804;0.12;55.63306;0.911995682
111.0000004;540;1.588241651;0.035;18.30242;0.922184222
110.2620499;564.2;3.351779538;0.2596;60.96694;0.924202345
41.00003459;420;11.56575616;0.286;65.94;0.902176686
113.6894741;540;3.981166455;0.1395;140.8;0.912056043
83.75036006;510;2.633142198;0.0508;48.51528;0.91894749
72.00003203;427;2.148264061;0.062;37.90167;0.902830047
90.01053316;540;1.85415089;0.04543;21.15872;0.905298906
91.19243062;540;1.853718475;0.04708;21.74492;0.898891885
113.6894741;540;3.981166455;0.1395;140.8;0.912056043
125.1004921;526.5;5.581112622;0.11;207.32778;0.886115529
54.49996704;479.999;4.004630958;0.10261;55.05083;0.91062936
113.6894741;540;3.981166455;0.1395;140.8;0.91663959
136.7959028;572.356;2.697686544;0.132;53.21389;0.913263242
84.00003737;535;2.155729749;0.03069;58.76028;0.919464307
78.49997772;448.574;1.693046623;0.07;35.27028;0.916001025
72.00003203;427;2.149607885;0.135;40.01583;0.898758731
84.00003737;533;1.84656036;0.075;33.13361;0.912376194
70.60003468;418.106;1.896261295;0.0583;36.63417;0.897853836
70.60003468;418.106;1.893278458;0.0583;36.51806;0.900522317
125.0004642;530.1;5.900776015;0.085;217.64806;0.863735343
90.00004004;480;1.088928162;0.09;24.23728;0.88357671
125.1004921;526.5;5.581112622;0.11;207.32778;0.886115529
81.99997111;437;2.961480217;0.076;64.60833;0.920194012
53.32571877;388;1.154963507;0.1422;24.75728;0.883020079
129.5497692;540;3.957819213;0.1615;157.32972;0.914154964
149.9005292;565;3.443181397;0.1263;157.18472;0.905320779
110.5297715;540;4.693937741;0.164;157.47139;0.918290428
103.9995233;505;10.59323011;0.07368;84.63278;0.915345548
140.0095421;565;3.794657097;0.14;153.70528;0.913978193
140.0095421;565;3.732178974;0.08;149.85444;0.907981679
91.19243062;540;1.853718475;0.04708;21.74492;0.898891885
54.49996704;479.999;4.004630958;0.10261;55.05083;0.91062936
98.00001091;507;1.020548203;0.096;22.85497;0.895467302
57.99999965;480;3.397876561;0.06;33.464;0.910191949
139.9899974;565;3.713701821;0.079;149.24358;0.912875422
75.00000395;430.525;8.682746928;0.124;179.91853;0.928377839
75.00000395;430.525;8.682746928;0.124;179.92156;0.927394401
74.99999414;430.525;8.682748074;0.124;179.82233;0.926732052
74.99999414;430.525;8.682748074;0.124;180.03094;0.926919403
120.7453588;584.664;3.217793284;0.09998;32.38528;0.918910095
136.8635687;573.087;2.701520422;0.132;53.88333;0.912249271
122.5311498;564.9;2.768020176;0.184;64.67111;0.916211432
122.5233044;564.9;2.768212717;0.184;64.74167;0.91659978
72.00003203;427;1.128951673;0.08;20.49186;0.891795538
78.49999733;448.5737;1.693040322;0.09;35.55525;0.922221987
102.969825;535.004;1.799042645;0.20062;32.82417;0.886699463
61.0000108;375;0.734762402;0.115;13.41594;0.844222718
62.4900332;422.02;0.806220983;0.082;13.55094;0.853826365
119.64113;540;1.233831731;0.2157;30.78333;0.909764812
60.0000267;429.995;1.734055515;0.0784;25.52364;0.900242897
119.64113;540;1.248755497;0.2157;30.88583;0.892644656
39.2266;450;0.922870709;0.17652;9.87467;0.872615138
42.00001869;450;1.637472045;0.106;15.96392;0.891243794
102.969825;535.001;1.123281477;0.17652;23.88542;0.88336827
122.5233044;564.9;2.768212717;0.184;58.5175;0.9187203
120.7080935;584.664;3.218855434;0.09998;32.39417;0.918472939
111.0000004;540;1.602482314;0.035;18.5075;0.919892756
107.4141988;548.611;3.334501537;0.18761;99.41583;0.902029404
72.00003203;427;2.148605551;0.062;38.33528;0.906187859
72.00003203;427;2.149949375;0.062;38.36194;0.906177485
136.2996864;538.4;1.005853912;0.047;25.76611;0.771485639
86.00000557;510;1.200818386;0.1515;33.78444;0.898086221
63.9999631;475;0.753445967;0.06216;14.37356;0.84925319
103.1002534;500;2.239038781;0.17;23.34383;0.842249124
40.39996567;375;2.30257493;0.16;49.13972;0.841864853
81.99997111;510;2.666194677;0.09356;23.24044;0.900308744
81.99997111;510;2.597612871;0.07408;19.532;0.908982862
44.50002797;408;2.101451472;0.162;27.77303;0.881981727
44.50002797;408;2.099621696;0.162;27.73158;0.882967773
44.50002797;408;2.094076478;0.162;27.74406;0.882947487
44.50002797;408;2.094076478;0.162;26.53456;0.88259445
98.00001091;507;1.009926753;0.096;22.58483;0.904114894
98.00001091;507;0.990391272;0.08535;21.97656;0.904729192
37.99998422;398;2.45026059;0.04947;24.63178;0.836964491
37.99998422;398;2.45026059;0.04937;24.69006;0.86364031
86.00000557;510;1.249942767;0.1506;35.07889;0.898288561
63.9999631;475;0.724300254;0.06035;14.02683;0.8790317
42.00001869;405;1.772873205;0.16;20.17872;0.877547707
42.00001869;405;1.767032615;0.16;20.21136;0.876189721
103.95049;535;1.631367276;0.09736;18.82003;0.886123715
102.969825;535;1.874348817;0.06943;13.20114;0.871264712
102.969825;535;1.871968245;0.0695;13.22664;0.86921509
73.00001613;468;0.921195828;0.063;16.62564;0.880413796
80.47003564;538.43;1.20894935;0.0833;28.22417;0.908059069
123.59321;525;1.278617677;0.07504;22.30672;0.864152033
53.00003993;420;1.44074195;0.0692;20.52189;0.896689074
78.49999733;448.5737;1.693040322;0.09;35.55647;0.922215733
72.00003203;427;2.148605551;0.062;38.23167;0.901381103
72.00003203;427;2.148605551;0.062;38.16167;0.901948235
72.00003203;427;2.149949375;0.062;38.18917;0.901903279
22.01004526;290.6;2.574461832;0.2399;23.14014;0.854342249
64.9999472;440;1.671292315;0.08;28.60583;0.908043423
72.00003203;427;1.128951673;0.08;20.63119;0.901802785
41.00003459;420;11.56575616;0.4;66.2025;0.925774833
136.2996864;538.4;1.015573677;0.047;26.01778;0.771028247
109.4314267;565;3.615709647;0.099;36.74028;0.922166405
100.0003714;500;3.299516443;0.2;78.75861;0.887368046
31.99998155;391.5;3.718496623;0.2;7.30692;0.883456031
90.00004004;500;0.445981354;0.05365;11.90697;0.81394588
91.00002414;500;0.42580212;0.09908;11.54139;0.854355882
63.04999291;413;2.2081791;0.055;35.21611;0.896740546
62.44443227;421.995;0.80111443;0.08195;13.53058;0.853917799
53.00003993;420;1.44074195;0.0692;20.52189;0.896696256
62.44443227;421.995;0.80111443;0.08195;13.52878;0.853975433
30.70001202;312.17;1.72432075;0.1024;8.92381;0.77988324
20.69997489;357;3.695882733;0.21;33.30194;0.876815138
17.58234278;353.627;3.96509119;0.17237;30.31472;0.905540333
90.00004004;470;1.341141585;0.08;26.20556;0.896470953
137.1999368;557.775;2.629163387;0.095;28.69556;0.889831405
107.7829288;565;3.651258372;0.099;36.46583;0.921978358
63.04999291;413;2.207717909;0.055;35.11056;0.900030151
102.6452249;537;4.496744204;0.1356;148.08833;0.918378344
137.1999368;557.775;2.629163387;0.095;28.69556;0.889831405
38.29996964;295;4.080246348;0.05749;50.89111;0.743152161
39.99995242;350;4.585414523;0.069;56.04667;0.900455548
35.00003192;290;4.37793571;0.05689;50.13667;0.75727999
35.00003192;290;4.707126408;0.05939;53.91972;0.755386035
35.00003192;290;4.707107743;0.08724;54.64139;0.747515163
93.99997644;506.996;1.123600068;0.16;24.48433;0.892117236
103.9995233;505;10.56151385;0.07728;88.38111;0.915207398
103.999994;505;10.56147176;0.01453;19.50531;0.81924605
130.0038171;565;4.875846509;0.1144;29.10583;0.909367729
129.9940104;565;4.876254492;0.1144;30.55556;0.904119883
129.9940104;565;4.87624181;0.1144;30.55556;0.904921531
129.9940104;565;4.87624181;0.1144;30.55556;0.904921531
81.99997111;437;2.961480217;0.076;64.62611;0.91944006
50.96006059;417.102;1.494627401;0.06459;20.47581;0.89567065
50.96006059;417.102;1.494627401;0.06459;20.47581;0.89567065
43.99999669;377;4.605191063;0.08;55.98703;0.899116422
43.99999669;377;4.610477147;0.08;56.07072;0.897469895
96.88000322;564;4.55107478;0.0843;137.54867;0.920424799
107.3435909;546.5;3.605360469;0.099;35.88472;0.920048439
122.5909703;564.9;2.766561751;0.184;35.75306;0.909564266
69.99996577;417.9;1.122066846;0.045;21.07497;0.896541964
57.20000257;407.6;1.522341303;0.2;27.38531;0.836642444
43.99999669;377;4.610477147;0.08;56.01686;0.897247397
60.13996759;423;4.217568287;0.055;63.07472;0.911291581
80.0000029;550;0.824390352;0.06;20.73211;0.897562187
60.13999701;423;4.217564846;0.055;63.33425;0.911472634
72.00000261;450;2.174238648;0.143;43.138;0.906342777
80.0000029;550;1.648780704;0.06;41.9625;0.898015656
137.1999368;565.87;2.614403906;0.115;27.29358;0.901138089
57.89499005;440.555;1.198002456;0.06895;6.77969;0.806504729
67.19997106;416.805;2.204274492;0.0459;39.7225;0.906081203
67.19997106;416.805;2.204274492;0.0459;39.7225;0.906081203
63.69997767;429.165;2.398931368;0.059;39.58639;0.920098896
137.1999368;565.87;2.614403906;0.115;27.29358;0.901138089
107.5788558;548.1;3.579785108;0.099;35.13683;0.920482201
63.9999631;475;0.724071485;0.06016;14.07617;0.878638994
130.9864434;581.833;2.866881933;0.08563;25.0565;0.905931474
39.99995242;350;4.728999552;0.15295;58.94;0.904818763
43.23029235;311.6667;4.957591041;0.05079;66.43275;0.89509148
103.0002256;506.999;0.966653142;0.097;22.67925;0.902196739
103.0002256;507;0.998437975;0.097;22.40983;0.903063607
93.99997644;506.996;1.125929279;0.16;24.4395;0.892229088
70.60003468;418.106;1.889267057;0.0583;36.4375;0.900584939
15.298374;396.4;3.339680452;0.09346;16.60022;0.855242444
15.298374;396.4;3.274835246;0.0761;16.27858;0.849027043
63.69997767;429.165;2.398931368;0.059;39.58639;0.920098896
81.99997111;437;2.961490359;0.076;64.68889;0.907574064
102.969825;535.004;1.764919815;0.20062;33.53528;0.897510923
71.99999281;450;2.224441619;0.135;45.69822;0.90021075
80.0000029;540;1.142213135;0.102;27.20089;0.906945905
80.0000029;540;1.131087684;0.102;26.51847;0.9035123
80.0000029;550;0.824390352;0.06;20.73211;0.897562187
80.0000029;550;1.648780704;0.06;41.9625;0.898015656
17.58165632;353.333;4.136953854;0.19995;31.40472;0.908588529
40.00000145;350;4.728991766;0.13828;59.01806;0.895868755
90.00004004;470;1.341141585;0.08;26.24547;0.896444351
48.00021749;397.091;4.006352463;0.1;59.22556;0.899729555
135.0003052;565;2.557034558;0.1441;32.19861;0.902754479
122.5909703;564.9;2.766561751;0.184;35.75306;0.909564266
81.99997111;437;2.961490359;0.076;64.68806;0.907601737
136.3000002;538.4;1.006406907;0.042;25.69122;0.779008405
104.9998016;535;1.53986546;0.09999;32.44722;0.900783834
81.99997111;437;2.961490359;0.076;64.70667;0.905851753
103.0002256;506.999;0.967189034;0.097;22.67169;0.895392819
93.99997644;506.996;1.123471813;0.16;24.48047;0.892212137
93.99997644;506.996;1.123274633;0.16;24.48981;0.892191802
102.9999785;550;3.499698222;0.183;26.78375;0.905866567
103.999994;505;11.0054976;0.04787;40.28222;0.876910224
103.0000001;506.9986;0.967238221;0.097;22.68283;0.898078582
93.99997644;506.996;1.123264685;0.16;24.49611;0.894994769
55.00000813;412.4962;0.873556035;0.12;13.39114;0.876964027
40.74000145;378;2.387910368;0.07;28.31767;0.896368488
60.13999701;423;4.217564846;0.059;63.70189;0.913477322
131.4552013;581.667;2.830506099;0.07956;22.38072;0.900564675
121.8308137;564.9444;3.071969562;0.08287;25.90725;0.910826657
135.0003052;565;2.57764728;0.1122;32.13889;0.89887796
134.9999718;565;2.577655035;0.1122;31.897;0.916403325
134.9999718;565;2.577655035;0.1122;31.897;0.916403325
105.6003922;531.7717;1.187799633;0.1036;25.92817;0.901521392
40.00000145;418;2.106723044;0.15;25.75017;0.882418253
62.99999861;485;1.897881889;0.06573;20.24431;0.875625322
81.99997111;510;2.667228575;0.09026;30.55806;0.863681656
81.99997111;510;2.667228575;0.08773;29.22333;0.863680475
40.31999911;377.3922;2.311705314;0.0646;27.17989;0.880658834
81.99999072;510;2.684688162;0.10668;38.66322;0.887186631
57.20000257;407.6;1.522341303;0.2;27.38531;0.836642444
57.13999568;407.6;1.525351946;0.2;27.39625;0.847464233
63.99999252;475;0.743499103;0.06153;14.36467;0.847357649
63.99999252;475;0.743499103;0.06153;14.36467;0.847357649
63.99999252;475;0.743499103;0.06153;14.36467;0.847357649
63.99999252;475;0.743499103;0.06135;14.37269;0.857355109
63.99999252;475;0.743499103;0.06118;14.37269;0.85712738
72.00000261;427;2.623711842;0.09072;49.23161;0.919282494
64.49999815;429.3729;1.657230337;0.1;29.46183;0.907063694
55.00000813;415.4188;3.318580373;0.07766;46.10339;0.924350994
69.99999513;425;0.491442551;0.075;9.19356;0.835344138
81.99997111;437;2.961480217;0.076;64.63917;0.911326501
81.99997111;437;2.961480217;0.076;64.62611;0.91944006
81.99997111;437;2.961480217;0.076;64.63917;0.911326501
125.0004642;565;4.468562025;0.13;156.10861;0.918635152
96.88000322;564;4.55107478;0.0843;137.54864;0.920036879
96.89999898;564.4;4.551290706;0.0843;137.50875;0.920192909
96.89999898;564.4182;4.551277674;0.09284;137.50517;0.923251334
40.31999911;377.3922;2.311703222;0.0646;27.17986;0.880659602
40.31999911;377.3922;2.368846167;0.0646;27.31917;0.878604243
40.31999911;377.3922;2.368846167;0.0646;27.31917;0.878604243
40.31999911;377.3922;2.311703222;0.0646;27.17986;0.880659602
67.99999757;428;1.492370854;0.037;27.65828;0.887293482
67.99999757;428;1.492370854;0.037;27.66064;0.886880818
67.99999757;428;1.492370854;0.037;28.22739;0.886214803
67.99999757;428;1.492370854;0.037;28.23008;0.885531228
49.00000546;418.8;3.980875426;0.13116;57.68528;0.90916109
49.00000546;418.8;3.980875426;0.13116;58.41222;0.908870661
49.00000546;418.8;3.980875426;0.1;57.80778;0.898728102
49.00000546;418.8;3.980875426;0.1;57.80778;0.898728102
62.99999861;485;1.897881889;0.08249;16.41142;0.889451744
70.59999545;418.1065;1.898732176;0.0595;36.54047;0.914233257
70.59999545;418.1065;1.898732176;0.0595;36.54047;0.914233257
70.59999545;418.1065;1.889269372;0.0595;36.32486;0.915948842
62.99999861;485;1.897881889;0.0749;20.22106;0.882010776
70.59999545;418.1065;1.889269372;0.0583;35.09392;0.861729614
62.99999861;485;1.897881889;0.0749;20.22106;0.882010776
70.59999545;418.1065;1.889269372;0.0595;36.31539;0.920559177
62.999979;485;1.897880877;0.08199;16.18489;0.898844302
61.00000099;485;3.247803726;0.04627;33.48647;0.913244171
57.99999965;482;3.408883869;0.04649;33.58144;0.907865425
102.9688443;535;2.191983816;0.08496;23.79614;0.892062386
102.9688443;535;2.190015838;0.08496;23.79886;0.892025441
102.9688443;535;2.189884595;0.06348;13.29692;0.851125469
125.9999982;538;2.079702832;0.091;16.90722;0.895224987
102.9689522;535.0004;2.287105337;0.08934;25.95228;0.898880304
102.9689522;535.0004;2.287105337;0.08934;25.95228;0.898880304
108.0004011;545.5;1.15271056;0.1;32.43264;0.893297136
108.0004011;545.5;1.15271056;0.1;32.43264;0.893296217
106.0000014;540;1.168506492;0.09503;32.56281;0.889929952
106.0000014;540;1.008248957;0.09425;27.68975;0.894474164
106.0000014;540;1.168506492;0.09501;32.54614;0.892055092
103.999994;505;11.0054976;0.04787;40.28153;0.876909614
103.999994;505;11.0054976;0.04787;40.28153;0.876909614
48.00002136;399.2;4.093588176;0.1;58.89444;0.896580942
48.04999353;399.1777;4.047468024;0.095;58.03306;0.896743567
88.00036604;565;2.959636069;0.0426;78.67444;0.904036224
119.9999946;565.6;2.14844686;0.045;79.82964;0.907262288
134.9999718;565;2.577655035;0.1122;31.97053;0.915969126
80.10000131;539.5;1.758618821;0.0553;45.12183;0.911491486
77.79999866;539.5;1.806207046;0.0535;44.19556;0.91981125
125.9999972;538;2.081011633;0.09106;16.92528;0.886371349
85.99999577;533;4.24432311;0.0483;124.32947;0.924382435
48.99999968;400.5455;4.048824153;0.1;59.47128;0.900324153
48.99999565;418.8;3.98088001;0.1;57.85283;0.902611501
48.99999565;418.8;3.953660589;0.1;58.10506;0.901608284
48.99999565;418.8;3.953660589;0.1;58.10492;0.90159664
48.99999565;418.8;3.953660589;0.1;58.10592;0.90169324
57.99999965;397;0.841898641;0.10187;13.62781;0.866044818
70.00000499;428.402;1.551105515;0.1;30.60233;0.902463384
49.99999936;400;2.492207799;0.084;37.84131;0.903445337
49.99999936;400;2.43435316;0.07804;36.99681;0.919179299
49.99999936;400;2.44407378;0.084;37.10386;0.922412748
59.99999728;397;0.586480822;0.1;8.00386;0.810233611
136.3000002;538.4;1.006406907;0.047;26.10117;0.779251943
136.3000002;538.4;1.003907553;0.047;26.03194;0.779242104
136.3000002;538.4;1.002935554;0.047;26.04425;0.778527938
27.90280241;310;2.756777576;0.10159;16.58403;0.858340326
125.9999972;538;2.0901429;0.09232;17.29897;0.883420959
70.00000251;459.6049;0.58728939;0.0498;2.53781;0.735869675
70.00000251;459.6049;0.58728939;0.1;0.80564;0.68105511
90.99999472;520;1.326460223;0.04999;42.20492;0.897369538
90.99999472;520;1.326460223;0.04992;42.21006;0.897368137
70.60003468;418.106;1.889267057;0.0583;36.33667;0.893727616
70.59999545;418.1065;1.889269372;0.0583;36.17292;0.901185836
70.59999545;418.1065;1.889269372;0.0583;34.63733;0.841534439
70.59999545;418.1065;1.889269372;0.0583;34.63733;0.841534439
40.74000145;378;2.387910368;0.07;28.31953;0.905200331
136.3000002;538.4;1.006059747;0.047;25.97644;0.778531125
72.00000261;427;1.949267045;0.075;36.184;0.910429389
72.00000261;427;1.949267045;0.075;36.37589;0.910784866
72.00000261;427;1.949453984;0.075;36.15694;0.909895834
72.00000261;427;1.949453984;0.075;36.14978;0.908505611
40.99999536;400;0.705550177;0.13;8.122;0.845304766
40.00000145;418;2.485933162;0.15;25.83531;0.896256475
40.00000145;418;2.494359969;0.09;14.88117;0.881277976
64.00000232;487;2.152647225;0.181;41.07858;0.867979291
136.3000002;538.4;1.006059747;0.047;25.97644;0.778531125
57.13999568;407.6;1.525351946;0.2;27.41025;0.842600244
72.00000261;427;0.962552428;0.141;15.54975;0.876600995
72.00000261;427;0.962552428;0.141;15.54967;0.876612243
72.00000261;427;0.965968562;0.142;16.51903;0.878524317
43.99999669;398;1.48536813;0.1;17.00617;0.876112541
72.00999559;540;2.024253997;0.1537;44.75697;0.918033081
129.9999984;540.0038;2.762510554;0.056;68.07447;0.920567145
69.99996577;470;1.610689676;0.07;27.24428;0.886172526
69.99999519;470;1.60941758;0.07;27.10489;0.885047085
129.9999984;540.0038;2.807973724;0.056;68.95361;0.912387835
72.00000261;518;12.81534159;0.0958;283.64056;0.929230892
99.99993989;522.0002;1.653062601;0.0796;35.27406;0.91593575
76.49999971;540;1.805428208;0.0529;43.99528;0.920006963
14.30790235;410.4;4.034571451;0.19996;18.40719;0.887220817
62.99999861;482;2.760242763;0.0517;5.44133;0.817026545
121.6786773;565.4444;3.148647383;0.08149;27.44272;0.909697972
77.39999521;538;0.734690422;0.07235;16.09539;0.880174346
129.9999984;540.0038;2.818092846;0.056;68.92083;0.912437965
62.99999861;482;2.760242763;0.088;13.92619;0.883063645
69.12000251;416.9179;2.006225012;0.0536;37.19567;0.899418406
69.12000251;416.9179;1.996889659;0.0536;37.10561;0.899514981
55.0100011;415.4189;3.412583477;0.08989;46.32236;0.925845621
73.50000818;438.7141;2.617385425;0.1;52.14131;0.876043123
38.00000383;348;0.764345984;0.055;8.20775;0.855645806
38.00000383;348;0.764347383;0.055;8.20947;0.838969851
64.2199949;486.1;3.143936618;0.154;19.70119;0.914292104
61.00000066;482;3.156847948;0.1;13.92619;0.909661638
99.99993989;522.0002;1.70704224;0.08332;36.56867;0.915332783
103.0002256;507;1.001082701;0.097;22.46153;0.896420549
76.71352971;538;0.741624112;0.0761;13.45067;0.896007273
76.71352971;538;0.741624112;0.07635;13.45783;0.884581272
62.99999861;461.9952;0.487412977;0.08;5.95094;0.814065286
62.99999861;461.9952;0.487412977;0.08;7.70658;0.810286108
62.99999861;461.9952;0.493760497;0.08;7.84842;0.808148127
64.99999623;465;0.480027391;0.08;7.82369;0.806835411
48.04999353;399.1777;4.047468024;0.095;58.02661;0.896733995
48.99999565;400;4.018120011;0.095;58.73436;0.896200255
69.99999519;470;1.60941758;0.07;27.10706;0.885016099
49.99998956;400;3.95241542;0.1;55.61722;0.893153933
49.99998956;400;3.95241542;0.1;55.89778;0.892812514
49.00000546;400;4.018282202;0.11292;58.4575;0.896616719
49.00000546;400;4.018282202;0.21;58.4575;0.903033956
49.00000546;400;4.018282202;0.145;58.4575;0.904315432
48.99999565;400;4.013194028;0.15;59.22703;0.895108085
49.00000546;400;4.018282202;0.23;60.90083;0.907846801
88.2599971;540;2.379071195;0.13;17.76803;0.874536139
90.00000082;540;1.590472564;0.1299;44.60936;0.913521259
102.969825;535.004;1.756652384;0.21909;33.43383;0.904293074
102.969825;535.004;1.761469573;0.20223;33.43272;0.900415327
67.19997106;416.805;2.204274492;0.0459;39.88417;0.894084751
63.04999291;413;2.2081791;0.055;35.25139;0.899854986
50.99997366;480;3.980088333;0.1451;14.66419;0.877293725
84.99999205;507;1.12459843;0.04201;22.45711;0.858046148
99.99999873;523;1.654526255;0.086;35.32967;0.921946408
99.99993989;522.0002;1.705032442;0.0796;36.54006;0.917024913
99.99993989;522.0002;1.653013182;0.0796;35.27319;0.915935126
99.99993989;522.0002;1.68310938;0.05318;35.41553;0.904238917
40.99999536;400;0.355669965;0.13;3.937;0.804392111
102.969825;535;1.65645556;0.15691;29.03194;0.875292446
102.969825;535.004;1.634445088;0.15691;26.42875;0.861355894
102.969825;535.004;1.634445088;0.15691;19.48431;0.901073622
70.37000009;538;1.033833303;0.0737;14.67761;0.87982051
84.79999523;538;0.755354701;0.07703;13.84825;0.878656379
79.50000105;565;1.836172928;0.1291;44.49106;0.915338432
62.99999861;482;2.760242763;0.18;16.2545;0.909374628
14.00000296;352;6.332683882;0.15;31.56839;0.891202297
79.50000105;565;1.816189269;0.1291;44.53106;0.914418564
40.00000145;418;2.494444154;0.11;25.72186;0.890568802
69.99999519;470;1.60941758;0.07;27.00742;0.89425412
99.99993989;522.0002;1.729061072;0.08496;37.05917;0.91592755
99.99993989;522.0002;1.705032442;0.08321;36.43197;0.919249309
43.99999669;377;2.293853797;0.07994;28.17897;0.893290972
43.99999669;377;2.293853797;0.07994;28.19769;0.888239369
56.99999594;397;1.786453155;0.07997;27.73856;0.888816719
88.2599971;540;1.487139259;0.1;14.28044;0.898224078
90.00000082;540;1.471859573;0.1;16.58244;0.890445411
64.00000232;485.6;2.927758834;0.0942;17.34522;0.909063563
64.00000232;485;3.181189874;0.1049;19.47119;0.907553806
64.00000232;487;2.885086706;0.131;17.93675;0.911312764
55.0100011;415.4189;3.413067227;0.08988;46.31922;0.92585169
55.0100011;415.4189;3.413067227;0.08989;46.32228;0.925731381
55.0100011;415.4189;3.413067227;0.08989;46.32228;0.925731381
70.37000009;538;1.033833303;0.0737;14.59172;0.883646152
88.2599971;540;2.561288346;0.13;17.67186;0.876252362
62.99999861;485;1.897881889;0.06892;17.54044;0.882715209
62.99999861;485;1.897881889;0.07241;19.30756;0.879123728
62.99999861;485;1.897881889;0.07241;19.30756;0.879123728
69.99999519;417.9;1.120914564;0.0538;20.99122;0.902961291
72.00000261;427;1.158505203;0.06215;20.59619;0.897556198
101.0000024;497;6.698852239;0.04231;26.97647;0.911815499
48.99999565;397;7.470611443;0.11;98.76406;0.891748579
62.99999861;482;2.983178612;0.10848;17.43617;0.907040452
62.99999861;482;2.972761108;0.10848;17.73214;0.906574417
61.89999691;421.0001;1.10098676;0.0738;18.59839;0.878011459
64.00000232;485;3.15367542;0.1162;20.85203;0.910590885
64.00000232;485;3.14994208;0.1162;20.77958;0.911786633
84.79999523;538;0.755354701;0.07706;13.85269;0.877946105
82.00000053;437;1.358557818;0.085;28.35953;0.907573163
55.00000813;415.4188;3.414596582;0.07906;46.11119;0.919685821
90.00000082;540;1.45985797;0.0478;12.5;0.860772097
101.0000024;497;6.698852239;0.04246;27.19381;0.910271848
48.99999917;400;3.901533619;0.1;58.70439;0.902755294
37.7999972;290;2.272904575;0.0633;28.97822;0.737432766
55.00000813;415.4188;3.414596582;0.07862;46.10278;0.919510962
65.55999517;538;1.003871921;0.0751;13.78003;0.874147653
70.98999612;535;9.37233377;0.1081;222.95372;0.926308979
75.00000395;525;1.021202544;0.1309;27.00203;0.886334996
64.99999623;438;2.61193271;0.068;44.37564;0.874291333
42.50000093;428;1.384809044;0.1;17.45628;0.870425936
69.99999519;509.7;1.128300846;0.0953;27.71917;0.866443346
54.99599721;415.412;3.421541494;0.08717;52.07283;0.919092858
60.81176234;480;2.816762597;0.06398;17.67128;0.904640665
73.50000387;438.7475;2.875311451;0.09;57.89383;0.912340692
48.99999968;400.5423;4.012677637;0.1;58.88136;0.904738255
54.99900785;415.4188;3.413803421;0.08708;51.85178;0.919243252
104.9999977;530;6.028644484;0.1;228.47253;0.907345829
6.302998735;305.7;5.511036217;0.101;13.11239;0.887430162
109.9999966;536.5;1.715604981;0.133;35.50017;0.914343192
99.99993989;522.0002;1.732486966;0.08472;37.04031;0.919418967
47.01324681;460;0.972605284;0.15;5.18222;0.853979114
90.00000082;540;7.297469285;0.087;229.23897;0.906489953
70.59999545;418.1065;1.903669291;0.0595;34.87269;0.843106104
72.00000261;427;1.952888156;0.075;36.25119;0.909849725
99.99993989;522.0002;1.705032442;0.0796;36.52619;0.91656186
57.99999965;398;2.914587431;0.074;49.99431;0.887672136
144.9999991;529;4.298650996;0.105;229.87578;0.862298697
90.00000082;540;7.297469285;0.087;229.239;0.906494891
99.99999873;565;2.597555958;0.045;75.18869;0.914020003
144.9999991;529;4.298650996;0.105;229.87578;0.862298697
60.13999701;423;4.217564846;0.059;63.65667;0.913133743
60.13999701;423;4.217564846;0.064;55.98058;0.926293209
41.99999907;395;0.904329342;0.06162;8.92539;0.847641077
60.81176234;474.4444;2.929828239;0.06214;16.97192;0.914665532
43.99999669;423;1.503074342;0.039;18.44964;0.894964673
99.99999873;565;2.597555958;0.045;80.43869;0.905609941
90.00000082;540;1.595107449;0.135;46.40367;0.907809533
49.99999936;424.2;4.905914652;0.0597;67.21214;0.89618316
49.99999597;424.1999;4.909832496;0.085;67.83097;0.920375505
60.81176234;474.4444;2.929828239;0.06214;16.97181;0.914664868
84.79999523;538;0.754775306;0.07702;13.83892;0.877893517
84.79999523;538;0.755354701;0.07706;13.85433;0.877943643
60.13999701;423;4.18735803;0.058;63.06483;0.912954454
14.91400235;417.9;2.271033203;0.101;10.58422;0.891537165
99.99999873;520;1.64497167;0.0796;35.39961;0.917795324
99.99999873;520;1.64221282;0.0796;35.34097;0.917822143
99.99993989;522.0002;1.731777044;0.08468;37.02533;0.919420774
69.12000251;416.9179;1.996981672;0.0595;37.11839;0.909608209
84.79999523;538;0.755354701;0.07705;13.85439;0.877972252
99.99999873;522;1.751419892;0.0796;37.57458;0.916749009
99.99999873;520;1.644976426;0.0796;35.39992;0.91779189
92.0199942;477.0826;1.475849564;0.1553;6.63781;0.86978834
90.00000082;475;1.614099653;0.2;2.25297;0.76307045
99.99993989;522.0002;1.731777044;0.08475;37.05239;0.919424635
90.00000082;540;1.604534334;0.135;46.74419;0.906871445
56.99999594;397;0.890595941;0.1052;14.72158;0.865917196
121.1888155;556.6937;1.159441338;0.08127;53.96964;0.787751633
104.47341;500;1.611637625;0.14704;11.80447;0.881512504
90.64537645;508.6667;2.983885589;0.07219;14.54747;0.903459085
92.02432874;507.2222;2.839188317;0.08467;26.00911;0.894641745
115.9999993;533;1.499876884;0.1094;62.51039;0.894525314
64.99999623;490;0.49468275;0.05629;8.04239;0.844901731
90.09999923;539.8;1.55958763;0.1359;44.51592;0.903006331
144.9999991;529;4.298650996;0.1;229.87561;0.859721934
90.00000082;475;1.569838078;0.14906;4.951;0.869150364
88.25985;535;3.592209696;0.0869;62.57167;0.907642037
101.0000024;497;6.940979428;0.04427;32.96756;0.909258259
136.2000018;564.7;1.93950314;0.04102;112.13122;0.757810185
103.0000001;506.9986;1.025161906;0.097;21.92578;0.90082589
82.99999443;538;0.784936707;0.07552;13.19769;0.876453861
84.79999523;538;0.755354701;0.07705;13.85439;0.877972252
92.02432874;507.2222;2.907284594;0.08467;17.44028;0.893088589
43.99999669;423;1.503074342;0.039;18.46631;0.896049754
43.99999669;423;1.503074342;0.039;18.40961;0.892905622
99.99999873;520;1.699324618;0.08135;36.58986;0.917826263
99.99999873;520;1.699324618;0.08135;36.58944;0.917874067
71.50000076;428.1973;1.13928355;0.08;22.288;0.903670205
58.00200021;408.0344;2.120769544;0.055;13.41111;0.890138273
88.2599971;540;2.564761635;0.143;17.73875;0.881662137
91.99999844;477.0721;1.470738127;0.1429;6.76164;0.879826409
49.9999991;410;2.040703813;0.0625;13.92656;0.883702945
54.99999718;410.0001;1.78523473;0.0889;19.73483;0.883405926
71.50000076;428.1973;1.13928355;0.08;22.30222;0.898224685
58.99999532;419;1.600447282;0.06;24.77503;0.902821945
88.24999432;525;3.186094189;0.03885;21.10939;0.90064558
80.0000029;525;1.015856;0.10453;19.25628;0.888827529
80.0000029;525;1.013739466;0.10433;19.20089;0.891570925
59.99999728;419.9999;1.458834536;0.1;25.46983;0.905657881
59.99999728;419.9999;1.458834536;0.1;25.29219;0.90605201
42.99999298;430;1.330096231;0.07788;16.68289;0.886394264
72.00000261;427;1.782359404;0.08;32.65111;0.909181837
129.9999984;540.0038;2.820288992;0.056;68.97694;0.912291965
129.6400001;540.03;2.793374352;0.059;69.69583;0.911412505
64.99999623;438;2.275120716;0.056;37.67286;0.872892133
59.99999728;419.9999;1.458834536;0.1;25.27283;0.906084891
104.9999977;540;1.071931578;0.29;11.47047;0.867686635
49.9999991;410;2.040703813;0.0625;13.92606;0.883706199
54.99999718;410.0001;1.78523473;0.0889;19.73283;0.883411501
129.9999987;540;2.306413472;0.056;59.63344;0.776934611
129.9999987;540;2.302550898;0.056;59.62906;0.777793912
112.0000011;540.0054;2.265976954;0.06033;18.19278;0.896804988
112.0000011;540.0054;2.265976954;0.05499;17.68878;0.893646839
103.0000001;506.9986;1.026802394;0.097;21.97286;0.899666168
72.00000261;427;0.963104634;0.141;15.54722;0.881013994
72.00000261;427;0.963104634;0.141;15.45561;0.873244191
72.00000261;427;0.963104634;0.141;15.54867;0.875209607
72.00000261;427;0.963104634;0.141;15.55236;0.875131617
59.99999728;420;1.406459111;0.087;26.26356;0.89894526
54.99999718;410.0001;1.739421121;0.0531;18.90517;0.874383394
54.99999718;410.0001;1.753091465;0.0852;18.87464;0.881923514
59.99999728;419.9999;1.458834536;0.1;25.27292;0.906074913
46.99999803;389;1.166407023;0.09995;19.32722;0.854906577
103.0000001;506.9986;1.026802394;0.097;21.97286;0.899666168
64.99999623;438;2.275120716;0.056;37.95106;0.871229415
127.799998;563.7;4.921848564;0.1123;30.55556;0.903391882
91.99999844;478.0605;1.473438536;0.065;6.37817;0.879486865
42.99999298;430;1.330092643;0.06744;16.55817;0.883058314
62.99999861;485;2.922570485;0.08;17.53397;0.886530068
62.99999861;482;2.921349293;0.08;17.74358;0.885281347
59.99999728;450;0.976938171;0.116;14.17425;0.886074011
54.99999832;440;2.187404834;0.07791;32.98911;0.913944001
71.50000076;428.1966;1.138287849;0.08;22.19722;0.900882881
88.2599971;540.4;2.552540358;0.2135;17.03417;0.899925911
43.4027521;421.111;1.599086281;0.12686;30.74372;0.910638859
128.859381;563.7;4.878011813;0.1123;33.33333;0.901595712
96.99999739;510;2.598301918;0.05298;13.62872;0.898059738
90.00000082;475;1.467851462;0.2;7.33608;0.873113845
54.99999718;410.0001;1.753091465;0.0852;18.89011;0.897145646
112.500003;540;2.255054682;0.05941;17.63467;0.896496298
14.38635555;411.23;3.538958465;0.11974;16.13228;0.902375806
54.99999832;440;2.187404834;0.07678;32.97431;0.912153014
88.2599971;540.4;2.759908789;0.2049;12.94444;0.891069004
43.38870897;421.1111;1.599634146;0.12686;30.74247;0.913983036
69.12000251;416.9179;2.002443646;0.0595;37.20036;0.908992848
75.00000395;474.9999;0.562450006;0.0505;9.57833;0.853106337
42.99999298;430;1.330092643;0.06738;16.35347;0.880502719
40.00000145;417.9999;2.494444154;0.2;29.26597;0.911219731
40.00000145;417.9999;2.494444154;0.2;29.25356;0.911917111
59.99999728;450;2.180549895;0.09683;36.75006;0.896002327
75.70699477;460.0047;1.359481986;0.071;21.42408;0.892985267
75.71299644;460.0001;1.354761003;0.0711;21.43028;0.892964475
75.00999693;460.0001;1.391531391;0.07268;20.56217;0.900950202
80.0000029;540;0.900272213;0.0705;22.67094;0.889476945
80.0000029;540;0.900717231;0.0775;22.685;0.893314642
141.2201628;562.8948;2.533891981;0.115;27.46967;0.909852962
128.859381;563.7;4.878011813;0.1123;30.88889;0.902840084
63.08726348;343.3333;2.096210867;0.07357;43.35564;0.87619479
63.08726348;343.3333;2.24023293;0.07357;35.09008;0.877701461
69.12000251;416.9179;2.002443646;0.0595;37.19117;0.909284629
56.99999594;397;0.886854914;0.105;14.75764;0.857990104
16.87125445;315.5556;17.56442328;0.17237;112.88358;0.909911336
49.99999597;424.1999;4.91420398;0.085;66.56389;0.872803555
75.00000395;474.9999;0.559583084;0.0505;9.8285;0.823734359
49.99999936;430;0.760098673;0.08;11.16614;0.857618921
92.99999234;544;2.67171579;0.05;75.36231;0.902608324
41.99999907;440;2.543712538;0.08;26.92206;0.902703485
40.00000145;365;0.604501969;0.083;6.30503;0.852137874
95.40000001;499.5;9.37562086;0.0692;63.56364;0.887353736
124.1499335;535;3.318817846;0.072;76.13075;0.919031164
101.9999963;520;1.745471954;0.07753;38.14303;0.913273328
99.99999873;522;1.751419892;0.0796;36.84022;0.889430627
58.99999532;419;1.600447282;0.06;24.71128;0.908569111
58.99999532;419;1.600447282;0.06;23.84239;0.850457293
125.0000033;565;2.756951124;0.204;29.64242;0.902088899
138.0000026;540;0.184757585;0.07684;5.08669;0.853959827
112.500003;540;2.255054073;0.04681;8.72394;0.900438443
90.00033424;540;1.136720645;0.03879;21.97886;0.905521871
109.6634957;514.7331;4.227602982;0.066;53.40322;0.912420588
92.02432874;507.2222;3.010418749;0.08467;24.34328;0.900072345
57.99999965;480;3.397876561;0.042;33.31494;0.914487925
129.9999915;540.1;2.831936665;0.06;69.30044;0.910454789
115.9999993;530.3;1.242927955;0.1106;52.6;0.882795148
40.71354311;419.4444;1.789330265;0.1276;31.2255;0.876783026
40.00000145;400;2.500132768;0.09022;14.81367;0.885279789
40.00000145;400;3.31603642;0.08863;24.50936;0.899393241
40.99999536;420;0.924576387;0.0683;11.7495;0.857889453
41.99999907;400;0.917935798;0.04351;8.87619;0.834833187
71.50000076;428.1966;1.13828785;0.08;22.11481;0.902786368
84.79999523;538;0.755354838;0.07701;13.84683;0.878682515
84.43121488;538;0.76991259;0.07522;13.08697;0.875308291
84.43406755;538;0.769885015;0.07516;13.05803;0.875231045
84.43407787;538;0.769884921;0.07516;13.05792;0.875227037
72.00000261;521;1.738047302;0.0586;39.41675;0.891666146
69.12000251;416.9179;2.002443639;0.058;37.14789;0.8997712
69.12000251;416.9179;2.002443639;0.058;37.15636;0.899314843
69.12000251;416.9179;2.002443639;0.058;37.21531;0.906476647
42.04422706;419.3889;1.755066887;0.10825;31.24119;0.877052477
115.5999959;513.4;0.491003575;0.11;12.09711;0.858846698
117.000003;540;1.49286245;0.063;36.55167;0.918977741
12.41500315;385.6;3.265006843;0.1011;13.36644;0.879507676
6.732098512;304.94;7.890786133;0.1061;19.84544;0.886875637
94.46999937;558.5;3.481931687;0.088;106.94781;0.922489043
107.999999;550;1.448455578;0.083;59.80403;0.787781359
40.3000163;418.8459;1.324053999;0.03408;6.08972;0.801479304
69.12000251;416.9179;2.002863791;0.058;37.168;0.907633734
125.0000033;565;2.772032626;0.115;31.09397;0.909123326
125.0000033;565;2.958356245;0.115;30.14153;0.909218021
127.0000009;572;2.941014814;0.1179;30.84689;0.909042899
127.0000009;572;2.925944889;0.1179;28.96928;0.907630944
59.99999728;540;2.198203724;0.1071;42.61092;0.890357261
127.0000009;572;2.931021074;0.1123;36.38861;0.907582883
127.0000009;572;2.941014814;0.1179;33.27303;0.909546914
127.0000009;572;2.941014814;0.1179;30.84689;0.909042899
127.0000009;568;2.932697378;0.1123;30.29378;0.908535447
85.00000186;520;1.502651418;0.0955;36.35533;0.896685378
90.00000082;475.0202;1.535018713;0.142;5.63764;0.871724509
137.1999957;568.4438;2.681944471;0.09;25.08481;0.907744997
137.1999957;568.444;2.68194517;0.09;25.09128;0.907548974
71.50000076;428.1966;1.138292451;0.08;22.18983;0.901973471
139.9997354;540;1.159721347;0.061;33.78278;0.885547978
119.9999946;535;0.963952962;0.1;24.96067;0.881862002
80.0000029;490;0.684511948;0.1;11.81247;0.858759498
153.8999949;529;1.377972196;0.0766;98.31078;0.71485942
71.50000076;428.1966;1.13828785;0.08;22.06253;0.901877254
42.04422706;419.3889;1.755066887;0.1131;31.43211;0.868951535
149.1060239;536.7222;1.349411499;0.06757;97.98639;0.783979775
41.54780464;419.4444;1.701047503;0.10522;30.41092;0.892939483
40.71354311;419.3889;1.720467647;0.10624;30.79383;0.892789441
75.00999693;460.0001;1.391531347;0.07268;20.562;0.900972763
74.99999414;460.0001;1.406572043;0.07551;20.73867;0.9009305
49.99999936;410;3.343971702;0.1;48.45683;0.899027169
127.0000009;568;2.932697378;0.1123;30.23822;0.908512596
100.0199945;545;1.62690083;0.0914;58.86181;0.788511093
100.0199945;545;1.62690083;0.0914;58.86203;0.784946519
100.0199945;545;1.62690083;0.0914;58.86206;0.784953884
90.00000082;475.0202;1.535018713;0.142;4.88628;0.864119791
94.46999937;558.5;3.481931687;0.088;106.94783;0.922407142
57.99999965;398;2.950114553;0.079;50.74481;0.89079447
49.99999936;419;3.332517732;0.0574;44.07106;0.928378808
85.00000186;520;1.800350327;0.0988;43.98375;0.889716942
111.6518773;540;1.138534039;0.0521;42.60383;0.887326277
110.9082774;540;1.145923198;0.0522;42.81364;0.88757549
112.0234683;536.4;1.143138962;0.053;43.53814;0.885094065
111.2999956;535.4;1.151007643;0.0532;43.65531;0.885348992
41.99999907;405;2.002571535;0.08992;25.17697;0.903631212
49.99999936;419;3.332517732;0.1055;45.3335;0.924821777
88.24999432;525;2.606501247;0.1332;44.67242;0.909062143
54.99999832;410;3.066741667;0.1;46.2385;0.901739399
98.98869775;544.9978;1.627824774;0.09144;58.09847;0.785604036
41.3475802;394.4444;3.094017982;0.10159;16.30697;0.888850811
27.55806924;394.4444;4.741981742;0.10159;18.49619;0.896582593
137.1999957;568.444;2.68194517;0.09;25.09161;0.907540735
98.98869775;544.9978;1.627824774;0.09144;58.09856;0.784179237
88.24999432;525;2.490128237;0.06295;40.35983;0.894720243
107.7632959;550;1.451873884;0.083;57.74978;0.785290198
107.7632959;550;1.451873884;0.08399;57.74978;0.785486832
87.19799574;510;1.182971844;0.10342;14.81867;0.880766865
40.3000163;418.8459;1.324053999;0.03553;7.76078;0.790548836
59.00000337;483;3.400142282;0.06599;60.63156;0.904603037
111.2999956;535.4;1.151007643;0.0532;43.65522;0.885624966
40.3000163;418.8459;1.324053999;0.0356;7.84831;0.791302315
54.99999832;410;3.161778801;0.1;45.76275;0.898993618
56.00000203;425;2.276358205;0.0517;33.20033;0.90464956
14.2000292;395.77;2.89281697;0.09483;13.37414;0.878854968
107.7632959;550;1.451873884;0.0834;57.74978;0.785246263
96.99999739;510;2.598301839;0.05275;13.51881;0.899382348
134.9996449;539.9997;0.998037692;0.036;27.34486;0.767280933
54.99999832;410;3.159124595;0.1;45.72064;0.899104616
54.99999832;410;3.126459829;0.1;49.332;0.885520569
42.37747665;400;4.362329349;0.06591;53.89704;0.905537098
26;320;0.905701773;0.11433;9.20554;0.848666324
54.99999832;410;3.276094398;0.1;51.43344;0.880085073
55.20000495;422.2;1.387564721;0.078;21.88731;0.880080056
32.03304238;315.5555556;1.38145467;0.0846;16.35637;0.847302995
53.99999461;419;2.059238089;0.0628;29.5635;0.898917275
71.50000076;428.1966;1.13828785;0.08;22.11017;0.877682619
54.99999832;410;3.277656478;0.1;51.45628;0.879871748
166;599;3.303241971;0.095;187.01099;0.754735096
54.99999832;430;0.993232055;0.0865;15.30881;0.877933756
97.08000004;540.7;1.623448931;0.0907;57.47497;0.783539557
54.99999832;410;3.127718951;0.1;48.74381;0.893696581
54.99999832;410;3.096036951;0.1;48.67053;0.89348739
66;500;3.651911749;0.21;30.79251;0.910745571
66;500;3.651911749;0.21;57.94134;0.919934497
51;412;1.384084277;0.14;29.50147;0.896803774
32.03304102;343.3888889;1.472095962;0.08453;16.40783;0.852558453
42.37517652;398.7777778;1.000768251;0.08398;12.66363;0.866137366
80.0000029;535;0.828093152;0.025;4.69528;0.766975205
80.0000029;535;0.828093152;0.025;4.73764;0.749441833
71.50000076;428.1966;1.13828785;0.08;22.06253;0.901877254
71.50000076;428.1966;1.13828785;0.08;22.07486;0.901874068
55.20000495;422.2;1.387769632;0.078;21.87097;0.877979095
39.99999165;407.0249;1.900746403;0.08;18.77494;0.892677853
57.99999965;480;3.397876683;0.042;33.25636;0.920681219
69.09999969;459;0.825792309;0.117;17.35661;0.863067552
26;320;0.90762272;0.1156;9.20335;0.81163347
59.00000337;483;3.400142282;0.06568;60.57706;0.913060446
129.9999915;540.1;2.823839031;0.06;69.43589;0.909996808
135.0000012;535;1.114777777;0.05;27.99;0.879163893
80;520;1.374582303;0.08;8.76807;0.880939563
138.9999965;538;4.154694698;0.08533;64.28747;0.90983083
117.000003;540.0006;1.489777532;0.0269;35.43086;0.903403337
56.99999594;397;3.052809785;0.08;51.46247;0.888225643
166;496.2648821;3.061972672;0.1105;194.09146;0.706252996
49.99999597;424.2;4.892850388;0.086;68.13519;0.922052946
89.31;540;1.410212564;0.1365;38.93682;0.903276014
80;540;1.435184262;0.07;38.04027;0.88651105
80;540;2.359487429;0.07;61.68012;0.906532214
26;320;0.906857713;0.11494;9.20402;0.830757404
41.99999907;413;2.042984721;0.09048;25.33644;0.904791754
56.99999594;397;3.051930303;0.08;51.44156;0.888483402
44.9999906;440;1.636407842;0.06615;20.10947;0.875861552
88.24999432;525;2.459375878;0.04853;39.95014;0.8862919
117.9999871;540;0.845833253;1.02882;1.77617;0.856741772
90;540;2.663880269;0.15;63.02641;0.909436526
98.02276027;510;5.851996528;0.06876;50.97497;0.90848065
88.24999432;525;2.458541293;0.04783;39.83397;0.886501661
137.1999957;568.444;2.68194517;0.09;25.02506;0.906469108
137.1999957;568.4438;2.681944471;0.09;25.19814;0.906000516
73.50000818;438.7146;2.617706088;0.097;51.35131;0.914991657
98.02276027;510;5.851996528;0.07686;57.24478;0.902997017
88.24999432;525;2.437057513;0.04693;39.11772;0.893713219
65.00000665;438.0001;2.281924436;0.054;38.45419;0.904921998
65.00000014;437.9001;2.381382694;0.05818;39.77211;0.906335958
117.9999871;540;0.845833253;0.75866;1.07497;0.863402173
138.9999965;538;4.154694698;0.07159;60.79119;0.904418842
138.9999965;538;4.154694698;0.07607;54.91275;0.912527801
138.9999965;538;4.154694698;0.07069;54.61731;0.909330769
108.9599916;533.3974;1.316879938;0.05226;33.30006;0.873840407
84.01000093;505;5.215619148;0.095;160.06892;0.911195675
104.7999224;536.25;0.631816274;0.036;13.44636;0.884292171
80;525;1.56944714;0.13;29.42878;0.919078769
114.9999956;540;1.492570124;0.06115;35.11106;0.880756976
86.02;489.6;2.486848324;0.1618;81.52191;0.909545862
72;485;1.109576518;0.06113;19.7692;0.878044385
72.00000261;485;1.138305512;0.06113;20.17244;0.846092228
74.49785444;564.9444;4.024197161;0.07364;70.35722;0.919341232
49.99999936;419;3.332517732;0.10369;45.07708;0.924753429
49.99999936;419;3.332517732;0.10369;45.08744;0.919775552
72.00000261;485;1.119687351;0.05786;20.59581;0.83942766
136.71;543;4.519008851;0.06;228.72981;0.753167449
137.1999957;568.4438;2.681944471;0.09;25.11644;0.905662909
49.99999936;419;3.332517732;0.10369;45.08744;0.919775552
116;528.2;0.375606941;0.0458;26.78331;0.813943762
116;528.2;0.634371055;0.0458;35.44832;0.848809126
90;540;2.665451417;0.112;63.12819;0.907712223
49.99999936;425;5.667764936;0.15;77.79869;0.926527518
59.99999728;420;1.308015408;0.04067;20.45644;0.892159532
95.69999845;527.2;5.665848281;0.0265;50.74219;0.888799292
101.8999685;511.1294;0.747557337;0.0532;16.12672;0.89461857
138.9999965;538;4.154694698;0.07214;54.90175;0.925130659
104.7999224;536.25;0.632608701;0.036;13.43961;0.884336937
114.9999956;540;1.492570124;0.06115;35.11108;0.880757266
90;475;0.856949139;0.057;8.70422;0.848965313
117.000003;540;1.49286245;0.063;36.543;0.910490569
117.000003;540;1.49286245;0.063;36.55825;0.919468935
135;565;2.085649337;0.06;17.24092;0.902220067
101;565;2.980753179;0.0481;13.24398;0.898815442
97.99999875;538.5706;0.219717993;0.059;4.08322;0.856221591
107.8000022;545.2938;1.432887166;0.0828;57.05431;0.78096683
116;528.2;0.375606941;0.0458;26.77557;0.810946228
116;528.2;0.634371055;0.0458;35.44315;0.845453451
114.9999956;540;1.492570124;0.06115;35.11039;0.880757861
101;565;2.980753179;0.0481;13.24397;0.898755675
40.99999536;387;0.476797059;0.105;5.86003;0.844417222
135;565;2.085649337;0.06;17.53761;0.903309539
78.5200029;448.5854;1.688289196;0.067;34.84675;0.908184586
59.99999728;430;4.703680367;0.1;76.53656;0.921308774
107.8000022;545.3;1.435616333;0.07646;57.12175;0.78917137
137.1999957;568.4438;2.681944471;0.09;24.97225;0.902306877
135;565;2.085649337;0.06;16.97751;0.904723936
49.99999936;425;5.667764936;0.15;77.87914;0.927633619
58.99999532;419;1.600447277;0.06;23.86144;0.848671985
54.99999832;410;2.15765092;0.1;33.45422;0.892853058
107.8000022;545.3;1.435616333;0.07646;57.12175;0.78917137
44.9999906;440;1.636407842;0.0461;10.07519;0.86749919
120;565;2.161426948;0.1298;79.04536;0.914443127
54.31000243;509.9578;4.767755672;0.06272;90.54083;0.918099152
66.89998564;418.3;2.085596952;0.145;39.06389;0.91221092
111.9997883;540;2.243527855;0.04647;3.49372;0.730310439
129.3634428;540;1.614049945;0.0725;40.92417;0.915313207
90.00004004;470;1.341141588;0.08;26.67414;0.895815995
63.99999252;475;0.741310265;0.06123;14.64058;0.843626614
91.00002414;500;0.489830379;0.06071;11.94211;0.855327127
62.99999861;485;1.897881952;0.07239;19.31;0.878854772
72.99999652;448;2.135067311;0.06;40.32847;0.903189419
54.99900785;415.4188;3.413803412;0.087;51.84739;0.92099293
128.7079497;563.7;4.884234345;0.1123;30.88889;0.907222639
84.43399929;538;0.769885641;0.07509;13.02719;0.875364212
56.00000203;425;2.276358205;0.053;33.21097;0.906152745
94.46999937;558.5;3.481931687;0.088;106.77175;0.915277995
30;400;5.229598618;0.06288;36.65878;0.916271303
30;400;5.229598618;0.06265;36.29796;0.908272317
43;450;1.386376401;0.12;15.90755;0.883594058
68;520;1.636769206;0.1;32.06215;0.910371495
101;565;2.980753179;0.11858;13.24556;0.911603682
101;565;2.980753179;0.0481;13.24397;0.898755675
101;565;2.75152618;0.05619;7.81302;0.876070817
101;565;2.75152618;0.05611;7.81123;0.879600313
101;565;2.75152618;0.0403;7.81254;0.867475506
101;565;2.75152618;0.0403;7.80889;0.871891855
90;565;1.419032536;0.0885;37.86026;0.9049401
49.99999936;419;3.332517732;0.10369;45.08744;0.919775552
49.99999936;419;3.332517732;0.10369;45.05933;0.916671997
137.92;565;5.004492375;0.23;107.7705;0.912496369
103.6000003;539.1;1.171564054;0.095;13.62836;0.899050849
50;425;5.765931507;0.1425;79.05871;0.929966692
61;480;2.524642674;0.2;45.97734;0.921695136
137.1999957;568.4438;2.681944471;0.09;24.97225;0.902306877
50;425;5.765931507;0.1425;78.52329;0.93015583
78.49999733;448.5737;1.693040325;0.09;35.57653;0.912504963
60.81176234;480;3.573071975;0.08581;34.29653;0.899837012
124.5770425;522;1.310206904;0.10347;21.3855;0.873107663
124.5637937;522;1.380312842;0.09707;20.61867;0.856063195
124.5637937;522;1.380312842;0.09704;20.73258;0.859211103
78.5200029;448.5854;1.688289196;0.067;34.99256;0.903222386
135;565;2.085649337;0.074;56.88879;0.923571601
80.0000029;525;1.567710553;0.13;29.33072;0.916590178
124.5637937;522;1.375816687;0.10021;20.45642;0.862671696
101;565;2.75152618;0.05968;49.30866;0.932233287
101;565;2.75152618;0.1848;49.33199;0.937289744
124.105626;538;2.006304272;0.08984;78.01342;0.907943798
59.99999728;460;0.375389936;0.1;5.52842;0.838580738
72.00000261;485;1.126692592;0.0584;20.73339;0.833896646
72.00000261;485;1.120509336;0.05794;20.58811;0.836335754
101;565;2.75152618;0.05969;49.31087;0.931866667
101;565;2.75152618;0.1848;49.33367;0.93691954
89.52;565.02;1.445974817;0.08573;38.14562;0.91361973
14.99999687;318;6.190304374;0.0898;34.76092;0.893430035
124.5637937;522;1.380700865;0.1007;20.60894;0.863339895
138.9999965;538;4.154694698;0.07214;54.90175;0.925130659
138.9999965;538;4.154694698;0.07213;54.87189;0.924784469
59.99999728;460;0.375389936;0.1;5.52842;0.838580738
108.3699941;533.4;1.321467437;0.03725;20.97461;0.878424143
89.96;564.58;1.445332203;0.08404;38.35149;0.912893192
135;565;2.085649337;0.074;56.88692;0.923715012
61.00000099;485;3.932108564;0.05;41.36422;0.926377531
40.3000163;418.8459;2.681094165;0.03562;15.97569;0.900750245
57.99999965;499;4.234746723;0.05;40.68453;0.929138103
43;450;1.386375305;0.10968;15.90754;0.879991101
43;450;1.386375305;0.10968;15.90754;0.880146154
110;510;3.911954372;0.10144;170.03119;0.895526375
58;450;4.638003291;0.04993;20.53341;0.917928459
108.3699941;533.4;1.321467437;0.03699;21.61653;0.886120706
72;485;1.082739014;0.0404;19.78859;0.85803932
90;564.9;1.445332963;0.08404;38.48501;0.908974605
78.5200029;448.5854;1.688289196;0.067;34.99256;0.903222386
42.18792391;390;2.703046516;0.10099;30.8975;0.901441906
42.18792391;390;2.703046516;0.12062;30.89753;0.909884149
61.89999691;421.0101;1.088100119;0.0738;18.31928;0.878844401
55.99999223;397;1.24204552;0.061;17.86019;0.874352321
116;528.2;0.644141883;0.0549;35.77342;0.852938248
116;528.2;0.35280834;0.0549;27.9737;0.815877866
90.00000082;530;4.106372757;0.0677;126.46164;0.906569934
80.0000029;450;2.673810172;0.1;56.06675;0.917191033
90;524;3.906243401;0.1055;125.62442;0.901247341
111.4;585.3;5.535475888;0.112;83.46136;0.88490524
96.99999739;510;2.598301839;0.0527;13.49572;0.899437618
116;528.2;0.357693755;0.0549;27.81234;0.816826481
116;528.2;0.68371374;0.0549;34.53378;0.858990586
110;510;3.911954372;0.10277;170.03115;0.896191046
85.99999577;533;4.244323246;0.0483;124.32947;0.924382435
72.00000261;524;10.24672475;0.0483;249.0995;0.90936151
90.00000082;524;3.998155233;0.0483;127.01225;0.901864585
124.5637937;522;1.449718369;0.11871;25.77961;0.86724566
61.9999949;446;4.247711605;0.05;118.27767;0.865222276
55.99999223;397;1.24204552;0.061;18.43364;0.872161299
55.99999223;397;1.241974915;0.11;18.82278;0.886123322
89.99999101;510;1.140206732;0.04748;14.59533;0.881141402
40.3000163;418.8459;2.681094165;0.03409;12.14136;0.911309995
90.00000082;530;4.106372757;0.0738;126.46161;0.911514078
120;581.8;5.120265574;0.139;79.57076;0.894601218
49.99999936;430;1.758341683;0.0424;22.06017;0.864622803
99.26354074;510;6.145871064;0.05279;55.40904;0.8836628
62.052813;398.8888889;0.628972738;0.05441;5.67386;0.727692656
62.052813;398.8888889;0.628971727;0.04321;5.67384;0.721853187
26;320;0.906857714;0.11495;9.20402;0.830335036
26;320;0.907580214;0.11459;9.20334;0.84043163
70.00000499;428.2712;2.209580438;0.1;42.66783;0.911092171
101;565;2.75152618;0.05969;49.31087;0.931866667
85;525;5.470297335;0.0847;165.28328;0.900567932
85;513.7;5.172873135;0.1177;161.45681;0.911408886
85;513.7;5.172650704;0.0856;161.47296;0.89766062
89.96;564.58;1.445332203;0.08404;38.34201;0.911800963
55.99999223;397;1.24204552;0.061;18.43569;0.872681278
60.00000357;423;1.109061591;0.045;17.66608;0.894872334
47.38999869;422.7;1.414989391;0.0503;17.99044;0.911075795
80.0000029;450;2.673810172;0.1;56.21667;0.915445473
49.99999936;425;5.686455426;0.15;77.84661;0.927978423
110;510;3.911954372;0.103;170.03957;0.890679304
99.99998042;539.6189;0.224490799;0.0568;4.26769;0.85510914
69.5;483.4646407;1.168384115;0.0412;20.64007;0.821500705
37.7;398;1.074570376;0.15;12.10356;0.886508371
46.88434821;308.3889;9.875554401;0.06868;165.15167;0.650719018
46.88434821;308.3889;9.875592044;0.06868;165.17758;0.651742363
30;400;5.244880544;0.06033;15.41389;0.928255126
30;400;5.244880544;0.06044;15.41326;0.923162952
90;565.2;2.380028392;0.094;9.80256;0.891462853
90;565.2;2.380028392;0.094;9.80256;0.891462853
120;581.8;5.120265574;0.139;79.62238;0.890716475
42;380;1.523055436;0.127;20.02103;0.890461404
96.99999739;510;2.598301839;0.0527;13.49572;0.899437618
65.00000665;438.0001;2.36065096;0.054;40.00939;0.867304323
65.00000665;437.9401;2.333955836;0.056;39.63839;0.869990966
120;582.1;5.143138449;0.117;80.34142;0.905399992
94.99998996;564.9901;1.354419407;0.0816;37.87236;0.916090368
87.99999339;475;2.955427363;0.06193;11.90967;0.886886984
108.3699941;533.4;1.321467437;0.03683;21.51806;0.892683578
57;377;0.514247204;0.08;8.64015;0.860385796
86.73604306;487.0555556;9.162047365;0.14686;145.47923;0.90670902
86.73604306;487.0555556;9.162047365;0.14686;145.47923;0.852934924
108.3699941;533.4;1.321467437;0.03695;21.41797;0.883640496
61.00000099;425;0.773676592;0.071;5.91692;0.848197431
120;582.1;5.143138449;0.117;80.74134;0.89629003
57;377;0.518233141;0.08;8.72322;0.860535883
61.00000099;425;0.679856408;0.05716;7.26617;0.857355366
57.99999965;498;4.233051409;0.08;41.03647;0.926591567
116;528.2;0.357693755;0.0549;27.8129;0.816453806
116;528.2;0.68371374;0.0549;34.53378;0.858990742
72.99999652;441;2.089597122;0.06;37.78256;0.90101487
73.50000458;438.2899;2.86653235;0.09;57.08314;0.911786646
120;580.1;5.163420972;0.118;81.89927;0.897249178
110;510;3.911954372;0.103;170.02818;0.894311757
99.26354074;510;5.522274728;0.04759;39.45708;0.901410852
87.99999339;475;2.955427363;0.06167;11.94072;0.898310134
41.99999907;400;1.936712334;0.1;35.69358;0.870340726
84;540;2.934975612;0.091;17.51978;0.864476142
124.5637937;522;1.449718369;0.11871;25.77961;0.86724566
116;528.2;0.357693755;0.0549;27.81251;0.817030955
116;528.2;0.68371374;0.0549;34.53338;0.859641034
116;528.2;0.357693755;0.0549;27.83231;0.805055078
116;528.2;0.68371374;0.0549;34.56305;0.850903717
138.9999965;538;4.108895299;0.08133;69.20175;0.922987699
59.99999728;425;0.725644704;0.052;11.37167;0.874762908
59.99999728;425;0.725644704;0.052;11.37164;0.874763246
96.99999739;510;2.598301839;0.0527;13.49572;0.899437618
84;540;2.774713308;0.091;13.77463;0.873648593
56.50000389;482;4.242706132;0.08;40.83594;0.925531808
59.99999728;425;0.725644704;0.05216;12.04431;0.87641451
65.00000665;437.9401;2.333955836;0.056;39.08433;0.871461898
116;528.2;0.357693755;0.0549;27.81154;0.804878767
116;528.2;0.68371374;0.0549;34.53821;0.850982863
58;450;4.606810199;0.04219;20.79473;0.914437166
62;478;1.742561753;0.105;41.74811;0.91999356
116;528.2;0.68371374;0.0549;34.53814;0.847161691
116;528.2;0.357693755;0.0549;27.8097;0.808489889
41.75812669;490.5556;2.295783823;0.06549;27.94164;0.918865208
58;450;4.606810199;0.04219;20.79473;0.914437166
54.99999832;404.4376;0.878946234;0.05035;13.65069;0.783111099
110;510;3.911954372;0.09651;170.02813;0.893361864
90;475;0.945167182;0.064;10.69602;0.861797183
58;450;4.606180652;0.04043;21.17909;0.912532714
58.00000946;420.0042;0.74563615;0.052;11.169;0.877216742
59.6186853;490.5556;2.56114122;0.08101;43.23714;0.916481014
135;575.75;4.690999695;0.1337;89.83109;0.897898237
108.3699941;533.4;1.321467437;0.03678;21.46286;0.89444357
90.11000201;565.5;2.826432251;0.04714;75.54653;0.911417781
90.11000201;565.5;2.826432251;0.04714;75.54653;0.911417781
85.99999577;550;2.950648502;0.04719;76.20494;0.911259282
85.99999577;550;2.950648502;0.04719;76.20494;0.911273271
62;478;1.625128563;0.5;39.5272;0.927338058
40.3000163;418.8459;2.739890677;0.04331;12.88517;0.88340065
135;575.75;4.690999695;0.1337;89.83109;0.897898381
101;565;2.747916306;0.05919;48.621;0.931680313
53.50000256;408.5099;3.053229777;0.09;44.62833;0.916235938
56.50000389;482;4.237816344;0.05;40.58789;0.924639136
135;575.75;4.690999695;0.1337;89.83468;0.893007713
49.99999597;424.2;4.892850388;0.086;68.13519;0.922052946
40.3000163;418.8459;2.777385804;0.04347;12.94686;0.88240399
107.4020385;500;1.535169308;0.10483;18.27556;0.870145664
120;580.1;5.163420972;0.118;81.96427;0.897174227
120;580.1;5.163420972;0.118;81.94515;0.89761272
120;583;5.128701882;0.117;81.24004;0.897505789
96.99999739;510;2.598301839;0.05274;13.46892;0.894841378
90;475;0.945099677;0.064;10.69602;0.849201447
90.5;538;4.165110855;0.04549;91.28511;0.918165836
85;512.67;5.190931094;0.0856;163.01414;0.896454686
120;583;5.128701882;0.117;81.23624;0.897541559
54.99999832;404.4376;0.843465149;0.05035;13.22986;0.785614905
74.99999414;460.0001;1.430791402;0.07562;21.23047;0.902012226
73.50000458;438.2899;2.86653235;0.09;57.07881;0.912272578
73.50000458;438.2899;2.86653235;0.09;57.07881;0.912272578
73.50000458;438.2899;2.86653235;0.09;57.06772;0.911859343
85.99999577;550;2.950648502;0.04719;76.20492;0.91126977
89.98999803;565;2.844198763;0.04711;75.46603;0.911522513
135;575.75;4.690999695;0.1337;89.80149;0.899007665
99.26354074;510;4.928474142;0.0572;37.97306;0.908036736
99.26354074;510;4.928474142;0.0572;37.97306;0.908037953
58;450;4.92246156;0.03951;20.33958;0.915176278
135;564.59;1.603461785;0.07;35.97609;0.915809454
59.6186853;490.5556;2.56114122;0.08093;43.23683;0.919074758
52.7106751;412.777;1.792204136;0.06641;30.51658;0.910065482
70.6;483.9651325;0.90380429;0.03583;16.20257;0.882408106
52.7106751;412.777;3.584406716;0.06641;61.14183;0.907341119
95.99999368;510;2.908825798;0.05686;17.64569;0.894966041
58.91596038;441.111;1.823459781;0.06602;29.89356;0.912126146
89.95999949;565;2.841800206;0.04703;75.37183;0.913032098
85;512.67;5.190931094;0.0856;163.01451;0.892370854
61.89999691;421.0101;1.088100119;0.0738;18.31925;0.878842976
31.12994537;278.7222;7.568758162;0.0655;86.96083;0.894555624
89.99999101;510;1.140206732;0.04768;14.11636;0.888784997
135;576.36;4.793409858;0.1585;91.11528;0.905352187
58.98490113;441.111;1.816218526;0.07143;33.95147;0.908768004
65;447.4981613;1.501209113;0.66416;1.9426;0.875178149
58.22648424;441.111;1.890565638;0.0724;34.83494;0.908933893
60.0000001;423;1.109061656;0.045;18.19911;0.894933736
90;475;0.945099867;0.064;10.69602;0.848922995
61.00000099;425;0.679856408;0.05716;7.26619;0.857355715
87.99999339;475;2.805151396;0.08173;18.10347;0.868359394
95.99999368;510;2.908825798;0.05686;17.64553;0.894940843
60.9976359;482.2222222;2.519576019;0.19995;45.38127;0.924360634
73.50000458;438.2899;2.86653235;0.09;57.06772;0.911859343
73.50000458;438.2899;2.866543734;0.09;57.08792;0.911847695
73.50000458;438.2899;2.866543734;0.09;57.08792;0.911847695
73.50000458;438.2899;2.866543734;0.09;57.09278;0.921150324
85;511.66;5.334538253;0.0856;165.49735;0.892261787
140.4499979;566;5.090797979;0.10918;235.97131;0.903798081
54.99999832;404.4376;0.843465149;0.08598;13.43783;0.821818353
58.22648424;441.111;1.909472325;0.06984;33.94411;0.906722473
99.26354074;510;4.928474142;0.0572;37.97306;0.908037953
60.81176234;480;2.956873046;0.06856;22.90625;0.898138554
60.81176234;480;2.956873046;0.06856;22.90625;0.898145865
50;400;1.526338049;0.1016;26.43301;0.875695025
124.105626;538;2.006304272;0.08984;78.01314;0.90857637
120;582.9;5.079923222;0.116;79.73829;0.895756816
49.99999936;419;3.332517732;0.10369;45.05614;0.918082361
49.99999936;419;3.339679422;0.10369;45.03581;0.917380381
89.95999949;565;2.841800206;0.04703;75.37458;0.913037248
90.00000082;565;2.840466774;0.04697;75.37436;0.912828025
161.2;600;3.085443006;0.0573;167.55426;0.780791128
138.9999965;538;4.342906441;0.06888;67.702;0.917507733
140.4499979;566;5.090797979;0.10262;236.17983;0.909073436
135;565;2.085649337;0.074;56.88692;0.923715012
135;564.6;2.090300482;0.0737;56.93647;0.923723301
56.50000389;482;4.237816344;0.05;41.64125;0.923811835
55.99999223;397;1.240979381;0.06128;18.62147;0.871182173
60.0000001;423;1.109061656;0.045;18.18842;0.894030498
56;420;2.453645973;0.03384;4.48319;0.881774524
90.5;538;4.165110855;0.03353;91.5124;0.897341115
124.5637937;522;1.365678182;0.11267;23.81681;0.861597518
124.5637937;522;1.365678182;0.11267;23.81681;0.861597518
124.5637937;522;1.365678182;0.11267;23.81681;0.861597518
54.99999832;404.4376;0.843465149;0.08621;13.43914;0.82200098
60;480;1.668187409;0.0852;36.77296;0.901103135
56.50000389;482;4.237816344;0.05;41.61228;0.923805364
61.00000099;485;3.932108564;0.05;41.36411;0.926382344
61.00000099;485;3.927576744;0.05;41.28192;0.92643689
63.69999729;425;0.58014952;0.06539;9.77667;0.832849718
61.00000099;425;0.67629532;0.05733;7.37125;0.838559725
70.6;483.9651325;0.90380429;0.03576;16.15776;0.884441559
58.22648424;441.111;1.890565638;0.06946;33.599;0.908494198
58.22648424;441.111;1.890565638;0.07124;33.62919;0.908811311
74.99999414;460.0001;1.342126296;0.07132;19.99678;0.903922015
120;582.9;5.079923222;0.116;79.72964;0.895739343
85;511.66;5.334538253;0.0856;165.49735;0.892261787
58.30000469;414.4485;1.157543549;0.05991;17.9885;0.901316633
124.5637937;522;1.368882912;0.10512;22.67289;0.862150904
40;399.26;3.136934838;0.05;33.6861;0.893234292
40;399.26;3.136934838;0.12;33.6867;0.901392752
42;400;1.045824599;0.06;15.035;0.869674275
120;582.9;5.079923222;0.116;79.68611;0.899110229
124.5637937;522;1.369965802;0.10804;22.71275;0.863359228
85.04299421;538;2.127591541;0.13266;28.24194;0.886133715
47.38999869;422.7;1.415060407;0.05039;18.12106;0.9080357
85.04299421;538;2.127591541;0.13266;28.24194;0.886133715
162.9513;564.0608999;1.68362772;0.07;57.6962;0.912518679
58.8;449.2881044;1.123974748;0.05;8.55397;0.870723396
40;400;0.403996111;0.04568;3.34889;0.803420814
90;524;3.80514063;0.0551;122.24631;0.902503233
61.00000099;425;1.220177727;0.11603;18.37881;0.86690599
61.00000099;425;0.67629532;0.05733;7.37019;0.838682389
54.99999832;404.4376;0.843465149;0.08621;13.43908;0.822002467
42;400;1.258862943;0.09;14.06949;0.87679129
60.0000001;423;1.109061656;0.045;18.03053;0.875720734
100;520;0.407611429;0.08;15.01055;0.850644036
89.62000294;540.7;6.410641113;0.0843;191.36617;0.910476519
93;490;6.280273921;0.0563;61.33482;0.920777841
101.28;540;7.642385465;0.09414;261.32711;0.927875124
85.04299421;538;2.216347947;0.11752;24.75153;0.883445195
99.99999873;525;1.43438672;0.08007;29.66944;0.903028364
94.99998996;564.9901;1.354419407;0.0816;38.12994;0.917141588
94.99998996;564.9901;1.354419407;0.0816;38.13594;0.920867214
72;427;1.332698834;0.105;24.9134;0.885131541
